{
    "web": {
        "client_id": "682604426367-1babj06dn1pafhidsoj4b53414cd1ls3.apps.googleusercontent.com",
        "project_id": "oauthdriveapp-1601475640070",
        "auth_uri": "https://accounts.google.com/o/oauth2/auth",
        "token_uri": "https://oauth2.googleapis.com/token",
        "auth_provider_x509_cert_url": "https://www.googleapis.com/oauth2/v1/certs",
        "client_secret": "MgioeQP7xc1qTJPeXDWreouu",
        "redirect_uris": [
            "http://localhost:3002/redirect"
        ],
        "javascript_origins": [
            "http://localhost"
        ]
    }
}